INSERT INTO USUARIO VALUES (98877655,'Jose Raúl Herrero Alarcón',TO_DATE('02/09/2000','DD/MM/YYYY'),'1234567890','joseraulherrero.alu@iespacomolla.es','',722677706,'ADMINISTRADOR','');
INSERT INTO USUARIO VALUES (28877655,'Samuel Hernández Pérez',TO_DATE('07/02/2002','DD/MM/YYYY'),'0987654321','samuelhernandez.alu@iespacomolla.es','',655897412,'ADMINISTRADOR','');
INSERT INTO USUARIO VALUES (48877655,'Paco Díaz López',TO_DATE('01/03/2001','DD/MM/YYYY'),'1122334455','paco.alu@gmail.es','',689552147,'CLIENTE','');
INSERT INTO USUARIO VALUES (88877655,'Jose Rico Matínez',TO_DATE('01/12/1998','DD/MM/YYYY'),'5544332211','pepe.alu@gmail.es','',744589663,'CLIENTE','');
INSERT INTO USUARIO VALUES (55443223,'Daniel Rico Matínez',TO_DATE('01/12/1998','DD/MM/YYYY'),'holabuenastardes','dani.alu@gmail.es','',644120558,'CLIENTE','');

INSERT INTO MARCA VALUES ('Coca Cola');
INSERT INTO MARCA VALUES ('Lays');
INSERT INTO MARCA VALUES ('Kit Kat');
INSERT INTO MARCA VALUES ('Dr. Oetker');

INSERT INTO CATEGORIA VALUES ('Japon');
INSERT INTO CATEGORIA VALUES ('China');
INSERT INTO CATEGORIA VALUES ('Taiwan');
INSERT INTO CATEGORIA VALUES ('Té');
INSERT INTO CATEGORIA VALUES ('Licor');
INSERT INTO CATEGORIA VALUES ('Refresco');

INSERT INTO ARTICULO VALUES(78865565,4.35,'Coca Cola Zero Starlight','Llega la Coca Cola más espacial, la Coca Cola ZERO Starlight. Con un sorprendente, sabor tal y como lo descubre la propia marca a descubrir.','',1,'Coca Cola',98877655,98877655,'Bebida');
INSERT INTO ARTICULO VALUES(55884411,4.65,'Patatas Lays sabor burguer','Disfruta de tus patatas favoritas ahora con un sorprendente sabor a Burger. ¡No querrás que se acaben!.','',1,'Lays',28877655,28877655,'Dulces_Snacks');
INSERT INTO ARTICULO VALUES(99663377,4.35,'Creme Ole 83 grs.','Prepara este exquisito postre de crema de plátano con trocitos de chocolate sin necesidad de cocinar.','',1,'Dr. Oetker',98877655,98877655,'Postres');

INSERT INTO TARJETA VALUES (97784231);
INSERT INTO TARJETA VALUES (55771946);
INSERT INTO TARJETA VALUES (52846791);
INSERT INTO TARJETA VALUES (48891103);

INSERT INTO CESTA VALUES ('Cesta1paco',48877655);
INSERT INTO CESTA VALUES ('Cesta2paco',48877655);
INSERT INTO CESTA VALUES ('Cesta1jose',88877655);

INSERT INTO DIRECCION VALUES (22855215,'Alicante',03600,'Calle','Río Miño 12',28877655);
INSERT INTO DIRECCION VALUES (44855215,'Barcelona',08001,'Calle','Colón 12',88877655);
INSERT INTO DIRECCION VALUES (11855215,'Madrid',28001,'Calle','Astorga 10',48877655);


INSERT INTO TARJETAS_VINCULADAS VALUES (48877655,97784231);
INSERT INTO TARJETAS_VINCULADAS VALUES (88877655,55771946);
INSERT INTO TARJETAS_VINCULADAS VALUES (55443223,48891103);

INSERT INTO ARTICULO_A_CESTA  VALUES (78865565,'Cesta1paco',48877655,4.35,3);
INSERT INTO ARTICULO_A_CESTA  VALUES (55884411,'Cesta2paco',48877655,4.65,5);
INSERT INTO ARTICULO_A_CESTA  VALUES (99663377,'Cesta1jose',88877655,4.35,2);

INSERT INTO CATEGORIA_DE_ARTICULO   VALUES ('China',78865565);
INSERT INTO CATEGORIA_DE_ARTICULO   VALUES ('Japon',55884411);
INSERT INTO CATEGORIA_DE_ARTICULO   VALUES ('China',99663377);

INSERT INTO PEDIDO VALUES (15975346,TO_DATE('18/02/2023','DD/MM/YYYY'),'Cesta1paco',48877655,11855215);
INSERT INTO PEDIDO VALUES (25814796,TO_DATE('19/02/2023','DD/MM/YYYY'),'Cesta2paco',48877655,11855215);
INSERT INTO PEDIDO VALUES (45612389,TO_DATE('27/02/2023','DD/MM/YYYY'),'Cesta1jose',88877655,44855215);

INSERT INTO FACTURA VALUES (15735984,TO_DATE('18/02/2023','DD/MM/YYYY'),11855215,15975346);
INSERT INTO FACTURA VALUES (41526398,TO_DATE('19/02/2023','DD/MM/YYYY'),11855215,25814796);
INSERT INTO FACTURA VALUES (74859621,TO_DATE('27/02/2023','DD/MM/YYYY'),44855215,45612389);

UPDATE DIRECCION SET CP=28002 WHERE Codigo=11855215;
UPDATE USUARIO SET Email='daniel.alu@gmail.com' WHERE Codigo=55443223;
UPDATE CATEGORIA SET Nombre='Cerveza' WHERE Nombre='Licor';

DELETE FROM CATEGORIA WHERE Nombre='Refresco';
DELETE FROM MARCA WHERE Nombre='Kit Kat';
